{"cameraMode":{"drawMode":0,"name":"Shaded","section":"Shading Mode"},"sceneLighting":false,"audioPlay":false,"sceneViewState":{"showFog":true,"showMaterialUpdate":false,"showSkybox":true,"showFlares":true,"showImageEffects":true,"showParticleSystems":true},"in2DMode":false,"pivot":{"x":-25.88626480102539,"y":21.053300857543947,"z":-50.45058059692383},"rotation":{"x":0.1111816018819809,"y":0.7393468618392944,"z":-0.12607616186141969,"w":0.6520044207572937},"size":1.9312751293182374,"orthographic":false}