{"cameraMode":{"drawMode":0,"name":"Shaded","section":"Shading Mode"},"sceneLighting":false,"audioPlay":false,"sceneViewState":{"showFog":true,"showMaterialUpdate":false,"showSkybox":true,"showFlares":true,"showImageEffects":true,"showParticleSystems":true},"in2DMode":false,"pivot":{"x":-70.11406707763672,"y":12.705281257629395,"z":-139.92637634277345},"rotation":{"x":0.019873518496751787,"y":-0.980026364326477,"z":0.1325172334909439,"w":0.14694413542747498},"size":41.00880432128906,"orthographic":false}