{"cameraMode":{"drawMode":0,"name":"Shaded","section":"Shading Mode"},"sceneLighting":false,"audioPlay":false,"sceneViewState":{"showFog":true,"showMaterialUpdate":false,"showSkybox":true,"showFlares":true,"showImageEffects":true,"showParticleSystems":true},"in2DMode":false,"pivot":{"x":-5.616203784942627,"y":0.7273344993591309,"z":254.57040405273438},"rotation":{"x":-0.009316178038716317,"y":0.7505694031715393,"z":0.010579155758023262,"w":0.6606412529945374},"size":8.545272827148438,"orthographic":false}