{"cameraMode":{"drawMode":0,"name":"Shaded","section":"Shading Mode"},"sceneLighting":true,"audioPlay":false,"sceneViewState":{"showFog":true,"showMaterialUpdate":false,"showSkybox":true,"showFlares":true,"showImageEffects":true,"showParticleSystems":true},"in2DMode":false,"pivot":{"x":-65.11524963378906,"y":22.909236907958986,"z":-111.17263793945313},"rotation":{"x":0.0018831053748726845,"y":-0.9295147061347961,"z":-0.0047360556200146679,"w":-0.3687499165534973},"size":6.718017578125,"orthographic":false}