{"cameraMode":{"drawMode":0,"name":"Shaded","section":"Shading Mode"},"sceneLighting":true,"audioPlay":false,"sceneViewState":{"showFog":true,"showMaterialUpdate":false,"showSkybox":true,"showFlares":true,"showImageEffects":true,"showParticleSystems":true},"in2DMode":false,"pivot":{"x":18.83595848083496,"y":28.276107788085939,"z":-158.44895935058595},"rotation":{"x":-0.023002848029136659,"y":-0.9419077038764954,"z":0.06596866995096207,"w":-0.32852545380592348},"size":152.16786193847657,"orthographic":false}