{"cameraMode":{"drawMode":0,"name":"Shaded","section":"Shading Mode"},"sceneLighting":true,"audioPlay":false,"sceneViewState":{"showFog":true,"showMaterialUpdate":false,"showSkybox":true,"showFlares":true,"showImageEffects":true,"showParticleSystems":true},"in2DMode":false,"pivot":{"x":429.9390563964844,"y":-235.3967742919922,"z":-101.27606201171875},"rotation":{"x":-0.18869644403457642,"y":-0.6727018356323242,"z":0.18357323110103608,"w":-0.6914961338043213},"size":694.564697265625,"orthographic":false}