{"cameraMode":{"drawMode":0,"name":"Shaded","section":"Shading Mode"},"sceneLighting":true,"audioPlay":false,"sceneViewState":{"showFog":true,"showMaterialUpdate":false,"showSkybox":true,"showFlares":true,"showImageEffects":true,"showParticleSystems":true},"in2DMode":false,"pivot":{"x":502.32574462890627,"y":100.35890197753906,"z":567.6013793945313},"rotation":{"x":0.21372166275978089,"y":-0.014620556496083737,"z":0.003194256220012903,"w":0.9767799973487854},"size":2208.94091796875,"orthographic":false}