{"cameraMode":{"drawMode":0,"name":"Shaded","section":"Shading Mode"},"sceneLighting":true,"audioPlay":false,"sceneViewState":{"showFog":true,"showMaterialUpdate":false,"showSkybox":true,"showFlares":true,"showImageEffects":true,"showParticleSystems":true},"in2DMode":false,"pivot":{"x":-31.320720672607423,"y":16.436080932617189,"z":-83.70088195800781},"rotation":{"x":-0.07999225705862045,"y":-0.37381312251091006,"z":0.032384470105171207,"w":-0.9234805107116699},"size":48.70271682739258,"orthographic":false}