{"cameraMode":{"drawMode":0,"name":"Shaded","section":"Shading Mode"},"sceneLighting":true,"audioPlay":false,"sceneViewState":{"showFog":true,"showMaterialUpdate":false,"showSkybox":false,"showFlares":true,"showImageEffects":true,"showParticleSystems":true},"in2DMode":false,"pivot":{"x":-57.87950134277344,"y":21.90999984741211,"z":-109.16600036621094},"rotation":{"x":0.013606012798845768,"y":0.7042620778083801,"z":0.013532345183193684,"w":-0.7098059058189392},"size":41.00880432128906,"orthographic":false}