{"cameraMode":{"drawMode":0,"name":"Shaded","section":"Shading Mode"},"sceneLighting":true,"audioPlay":false,"sceneViewState":{"showFog":true,"showMaterialUpdate":false,"showSkybox":true,"showFlares":true,"showImageEffects":true,"showParticleSystems":true},"in2DMode":false,"pivot":{"x":12.658939361572266,"y":44.77946853637695,"z":102.79052734375},"rotation":{"x":-0.019665122032165529,"y":0.7913373112678528,"z":0.026113707572221757,"w":0.61067134141922},"size":71.10597229003906,"orthographic":false}