{"cameraMode":{"drawMode":0,"name":"Shaded","section":"Shading Mode"},"sceneLighting":true,"audioPlay":false,"sceneViewState":{"showFog":true,"showMaterialUpdate":false,"showSkybox":false,"showFlares":true,"showImageEffects":true,"showParticleSystems":true},"in2DMode":false,"pivot":{"x":-15.250584602355957,"y":37.67146682739258,"z":120.03141021728516},"rotation":{"x":0.0030166415963321926,"y":0.43526262044906618,"z":-0.001365851960144937,"w":0.9003646373748779},"size":6.958361625671387,"orthographic":false}