{"cameraMode":{"drawMode":0,"name":"Shaded","section":"Shading Mode"},"sceneLighting":false,"audioPlay":false,"sceneViewState":{"showFog":true,"showMaterialUpdate":false,"showSkybox":true,"showFlares":true,"showImageEffects":true,"showParticleSystems":true},"in2DMode":false,"pivot":{"x":-7.466681957244873,"y":3.5821621417999269,"z":11.975467681884766},"rotation":{"x":-0.03010571002960205,"y":0.6672131419181824,"z":-0.02126806229352951,"w":-0.7440481781959534},"size":15.955587387084961,"orthographic":false}